label,merged_label,latitude,longitude,year,example_path
Grassland shrubland,Grassland shrubland,-1.720266385,115.00699582064485,2016,-1.720266384577504_115.00699582064485
Grassland shrubland,Grassland shrubland,-2.709148924,113.3407801546713,2016,-2.7091489238834305_113.3407801546713
Timber plantation,Plantation,-0.65224451,109.9206187702712,2012,-0.6522445100247509_109.9206187702712
Oil palm plantation,Plantation,-1.347868287,110.52786683455288,2014,-1.3478682873694396_110.52786683455288
Grassland shrubland,Grassland shrubland,-2.885255551,111.5840999668356,2016,-2.8852555512190485_111.5840999668356
Logging,Other,-2.767356574,133.46815242172883,2014,-2.7673565737647525_133.46815242172883
Oil palm plantation,Plantation,1.5450784967355304,109.53246925488948,2009,1.5450784967355304_109.53246925488948
Other,Other,-0.414739877,130.84907976032218,2006,-0.414739877108802_130.84907976032218
Small-scale oil palm plantation,Smallholder agriculture,-0.095973711,100.04474437169225,2007,-0.0959737106291682_100.04474437169225
Oil palm plantation,Plantation,-0.172972924,109.52260195814186,2015,-0.1729729236843432_109.52260195814186
Timber plantation,Plantation,0.8123603358261604,101.8156424092222,2010,0.8123603358261604_101.8156424092222
Timber plantation,Plantation,-0.194928761,101.69489626553744,2016,-0.1949287609299177_101.69489626553744
Small-scale agriculture,Smallholder agriculture,1.1382087343467964,101.03331529268957,2008,1.1382087343467964_101.03331529268957
Timber plantation,Plantation,-1.18383721,103.24834457274852,2009,-1.1838372096038745_103.24834457274852
Other,Other,-4.416827849,123.00787073094251,2015,-4.416827849193961_123.00787073094251
Small-scale mixed plantation,Smallholder agriculture,-0.698199185,102.71908830521892,2004,-0.6981991849538832_102.71908830521892
Other large-scale plantations,Plantation,-1.604708938,112.4654138734915,2008,-1.6047089380178357_112.4654138734915
Timber plantation,Plantation,-0.439528787,109.84718261888963,2014,-0.4395287869716086_109.84718261888963
Oil palm plantation,Plantation,0.003613801,109.77720738037644,2008,0.0036138014071422_109.77720738037644
Small-scale mixed plantation,Smallholder agriculture,4.254705644950026,96.02970471757332,2009,4.254705644950026_96.02970471757332
Other large-scale plantations,Plantation,-2.198242862,111.7800955444504,2008,-2.1982428617891414_111.7800955444504
Small-scale agriculture,Smallholder agriculture,1.863153649081798,101.6865109994196,2011,1.863153649081798_101.6865109994196
Timber plantation,Plantation,0.1914738501905212,115.93857747941088,2016,0.1914738501905212_115.93857747941088
Small-scale agriculture,Smallholder agriculture,1.0589874421548786,120.88577125267564,2002,1.0589874421548786_120.88577125267564
Small-scale oil palm plantation,Smallholder agriculture,0.7602365278513699,101.84833969387132,2002,0.7602365278513699_101.84833969387132
Small-scale agriculture,Smallholder agriculture,-8.022043822,114.0587174331823,2012,-8.022043821522297_114.0587174331823
Grassland shrubland,Grassland shrubland,0.5517506374000314,127.92034423896143,2016,0.5517506374000314_127.92034423896143
Small-scale agriculture,Smallholder agriculture,0.7616811204732011,122.7559541920372,2006,0.7616811204732011_122.7559541920372
Small-scale mixed plantation,Smallholder agriculture,-2.359382295,104.99784674747886,2003,-2.3593822950557204_104.99784674747886
Oil palm plantation,Plantation,-1.076952911,101.50843483293656,2006,-1.0769529112598142_101.50843483293656
Small-scale mixed plantation,Smallholder agriculture,-1.016897748,101.90829942859816,2016,-1.016897748330572_101.90829942859816
Small-scale mixed plantation,Smallholder agriculture,-0.131880173,102.31091344712704,2003,-0.1318801725396945_102.31091344712704
Small-scale mixed plantation,Smallholder agriculture,-1.385326967,101.6643423846024,2006,-1.3853269674249824_101.6643423846024
Timber plantation,Plantation,-0.7225847,101.95020583660236,2006,-0.7225846998573321_101.95020583660236
Small-scale agriculture,Smallholder agriculture,-5.531545247,105.09898057049811,2005,-5.5315452472730975_105.09898057049811
Grassland shrubland,Grassland shrubland,-1.59739275,115.67409906575158,2016,-1.5973927501748606_115.67409906575158
Small-scale mixed plantation,Smallholder agriculture,-0.047469323,119.65848542555084,2005,-0.0474693226704089_119.65848542555084
Small-scale agriculture,Smallholder agriculture,0.8171499343871285,122.70115415247064,2005,0.8171499343871285_122.70115415247064
Oil palm plantation,Plantation,-1.16198503,114.09363000147673,2006,-1.161985030435108_114.09363000147673
Fish pond,Other,3.706376147016078,117.38829418512636,2002,3.706376147016078_117.38829418512636
Other,Other,-1.088085414,132.1236280833645,2004,-1.0880854137306424_132.1236280833645
Oil palm plantation,Plantation,-0.898402293,103.16573233324274,2002,-0.8984022928167034_103.16573233324274
Oil palm plantation,Plantation,-3.063701645,104.13267514788168,2009,-3.0637016451773547_104.13267514788168
Grassland shrubland,Grassland shrubland,-6.646273057,139.11886053310522,2012,-6.6462730568093065_139.11886053310522
Timber plantation,Plantation,-1.061985123,101.43492982564383,2010,-1.061985123150507_101.43492982564383
Small-scale agriculture,Smallholder agriculture,-2.878902579,119.42409999600264,2005,-2.8789025789388667_119.42409999600264
Secondary forest,Other,1.4488848985384482,100.96035222503107,2013,1.4488848985384482_100.96035222503107
Oil palm plantation,Plantation,-2.959313401,114.59923363307529,2008,-2.9593134010769933_114.59923363307529
Small-scale mixed plantation,Smallholder agriculture,-0.338556968,99.91951873287115,2008,-0.3385569681223132_99.91951873287115
Timber plantation,Plantation,0.6875311122354894,102.08586537958917,2002,0.6875311122354894_102.08586537958917
Small-scale agriculture,Smallholder agriculture,-1.675587912,101.62780946428472,2011,-1.6755879121336228_101.62780946428472
Oil palm plantation,Plantation,-0.124601332,109.9325213600993,2009,-0.1246013321227824_109.9325213600993
Oil palm plantation,Plantation,1.5236715872155453,109.41566521976604,2009,1.5236715872155453_109.41566521976604
Oil palm plantation,Plantation,2.198679937441597,117.1393569,2005,2.198679937441597_117.139356870173
Small-scale oil palm plantation,Smallholder agriculture,-2.139973605,103.43369068803352,2006,-2.13997360461327_103.43369068803352
Grassland shrubland,Grassland shrubland,1.134086107736949,99.70086928093129,2013,1.134086107736949_99.70086928093129
Other large-scale plantations,Plantation,-3.805428185,116.21393523776078,2014,-3.805428184775309_116.21393523776078
Timber plantation,Plantation,-0.921913762,102.87846175777328,2009,-0.921913761885374_102.87846175777328
Oil palm plantation,Plantation,-0.393108205,110.2838158564629,2008,-0.3931082047551969_110.2838158564629
Oil palm plantation,Plantation,-1.787063821,114.96047920110244,2003,-1.7870638208079657_114.96047920110244
Small-scale agriculture,Smallholder agriculture,-4.670967664,103.72253697640596,2004,-4.670967664337079_103.72253697640596
Grassland shrubland,Grassland shrubland,0.3516401007243539,109.07187399005431,2015,0.3516401007243539_109.07187399005431
Oil palm plantation,Plantation,0.025447743,102.00768796503188,2001,0.025447743300818_102.00768796503188
Oil palm plantation,Plantation,-1.521586334,102.55172129683014,2012,-1.5215863339923232_102.55172129683014
Other large-scale plantations,Plantation,-7.298547398,140.82349705108336,2015,-7.29854739806456_140.82349705108336
Oil palm plantation,Plantation,-2.235153058,121.31594978140534,2009,-2.2351530576465666_121.31594978140534
Small-scale oil palm plantation,Smallholder agriculture,1.0603027471571762,102.15965805002806,2009,1.0603027471571762_102.15965805002806
Small-scale agriculture,Smallholder agriculture,-1.096857937,115.59984340049256,2014,-1.0968579365081383_115.59984340049256
Oil palm plantation,Plantation,-1.608279179,102.72201030128102,2007,-1.6082791785050568_102.72201030128102
Oil palm plantation,Plantation,-1.430194038,103.7431743141683,2007,-1.4301940377621842_103.7431743141683
Timber plantation,Plantation,1.2728699791423033,109.72025240924836,2012,1.2728699791423033_109.72025240924836
Grassland shrubland,Grassland shrubland,0.7175770375170352,127.83826876074656,2016,0.7175770375170352_127.83826876074656
Oil palm plantation,Plantation,-3.392821587,135.24795646098602,2013,-3.3928215865981293_135.24795646098602
Small-scale agriculture,Smallholder agriculture,1.1796753746030706,121.2607505101492,2005,1.1796753746030706_121.2607505101492
Grassland shrubland,Grassland shrubland,-1.468260298,121.60823959239936,2013,-1.4682602978763235_121.60823959239936
Logging,Other,-3.032482533,132.7493945102822,2013,-3.0324825329021463_132.7493945102822
Oil palm plantation,Plantation,1.2264398870495183,100.09943643805744,2010,1.2264398870495183_100.09943643805744
Secondary forest,Other,0.6079081963737866,100.05080799986004,2012,0.6079081963737866_100.05080799986004
Oil palm plantation,Plantation,2.9102389220412324,117.27986863194609,2011,2.9102389220412324_117.27986863194609
Small-scale agriculture,Smallholder agriculture,-0.537428743,109.30735901452572,2007,-0.5374287425000893_109.30735901452572
Oil palm plantation,Plantation,-3.037548563,113.87204524359196,2009,-3.0375485630667147_113.87204524359196
Small-scale agriculture,Smallholder agriculture,2.731399146790152,97.9825396,2016,2.731399146790152_97.982539597578
Small-scale agriculture,Smallholder agriculture,4.128921552631153,117.77398465060348,2016,4.128921552631153_117.77398465060348
Small-scale agriculture,Smallholder agriculture,-1.015943649,121.4951658835402,2003,-1.0159436488795974_121.4951658835402
Small-scale agriculture,Smallholder agriculture,-8.204916404,113.98179159445716,2008,-8.204916404126621_113.98179159445716
Small-scale agriculture,Smallholder agriculture,1.2836108112089568,101.44652045679648,2007,1.2836108112089568_101.44652045679648
Small-scale mixed plantation,Smallholder agriculture,1.3051094870843931,100.14769358710475,2009,1.3051094870843931_100.14769358710475
Small-scale mixed plantation,Smallholder agriculture,1.1265060560896163,101.09873320297324,2007,1.1265060560896163_101.09873320297324
Small-scale agriculture,Smallholder agriculture,-1.899402438,124.37687148346724,2016,-1.899402437798276_124.37687148346724
Small-scale agriculture,Smallholder agriculture,-4.180658081,121.80635255431484,2009,-4.180658080785008_121.80635255431484
Small-scale agriculture,Smallholder agriculture,-1.490713359,100.7116732031579,2004,-1.490713358861576_100.7116732031579
Secondary forest,Other,-3.471247765,135.18980272688552,2015,-3.471247765304107_135.18980272688552
Grassland shrubland,Grassland shrubland,-0.824239914,109.2955916465706,2016,-0.8242399135743939_109.2955916465706
Grassland shrubland,Grassland shrubland,1.747919122370028,98.69534029119308,2013,1.747919122370028_98.69534029119308
Timber plantation,Plantation,2.4099299396066742,98.55949550401598,2006,2.4099299396066742_98.55949550401598
Logging,Other,-3.23345457,133.42393945712757,2015,-3.2334545695840284_133.42393945712757
Timber plantation,Plantation,1.4586745350201986,117.06257669442051,2010,1.4586745350201986_117.06257669442051
Oil palm plantation,Plantation,0.4230723815828573,102.0996038,2010,0.4230723815828573_102.099603834854
Logging,Other,-1.537165546,132.53303152033502,2015,-1.537165545518943_132.53303152033502
Other,Other,-3.611097116,134.28295344756685,2006,-3.61109711611997_134.28295344756685
Oil palm plantation,Plantation,-2.138835697,100.86659709230776,2005,-2.1388356972909737_100.86659709230776
Small-scale mixed plantation,Smallholder agriculture,-1.962624053,105.3372199554783,2008,-1.9626240528196968_105.3372199554783
Fish pond,Other,-2.657629833,121.08912508015214,2011,-2.6576298325405032_121.08912508015214
Timber plantation,Plantation,-0.110992579,101.48569430544022,2008,-0.1109925789809955_101.48569430544022
Small-scale mixed plantation,Smallholder agriculture,-0.587746798,102.82539568322431,2009,-0.5877467980241581_102.82539568322431
Grassland shrubland,Grassland shrubland,-6.350944655,138.50397976246978,2015,-6.350944654502437_138.50397976246978
Grassland shrubland,Grassland shrubland,-2.932014358,111.6404871468682,2015,-2.932014358276014_111.6404871468682
Grassland shrubland,Grassland shrubland,-1.30847771,121.60930200311914,2015,-1.3084777100126748_121.60930200311914
Grassland shrubland,Grassland shrubland,-4.993862279,105.7416717220144,2012,-4.993862278881021_105.7416717220144
Oil palm plantation,Plantation,1.250656122,98.87421398653784,2010,1.25065612205422_98.87421398653784
Small-scale agriculture,Smallholder agriculture,-4.354861868,103.7283786678565,2008,-4.354861867833457_103.7283786678565
Other,Other,-2.375505131,110.15439425333793,2014,-2.375505131015227_110.15439425333793
Small-scale agriculture,Smallholder agriculture,-4.212356272,122.13325582035787,2004,-4.212356271803468_122.13325582035787
Small-scale agriculture,Smallholder agriculture,-1.094462344,113.78492579994236,2009,-1.0944623441971468_113.78492579994236
Small-scale agriculture,Smallholder agriculture,2.1052922895230903,100.4779441,2005,2.1052922895230903_100.477944135107
Mining,Other,-0.096651989,102.37573778668975,2003,-0.0966519886688393_102.37573778668975
Small-scale oil palm plantation,Smallholder agriculture,2.132358338364267,100.51001191906973,2009,2.132358338364267_100.51001191906973
Small-scale agriculture,Smallholder agriculture,0.1467869109626445,102.52285287626484,2007,0.1467869109626445_102.52285287626484
Oil palm plantation,Plantation,4.092987264011047,116.9797565788967,2015,4.092987264011047_116.9797565788967
Grassland shrubland,Grassland shrubland,-2.22566001,113.77648436905616,2016,-2.225660009743318_113.77648436905616
Oil palm plantation,Plantation,1.2191246320236218,100.069151,2005,1.2191246320236218_100.069150956308
Grassland shrubland,Grassland shrubland,-6.817177871,140.17364535476554,2016,-6.817177870811642_140.17364535476554
Small-scale agriculture,Smallholder agriculture,-3.952472655,121.54389220406628,2014,-3.952472654585986_121.54389220406628
Oil palm plantation,Plantation,0.477506337,99.15423598773172,2008,0.477506336959589_99.15423598773172
Small-scale agriculture,Smallholder agriculture,-5.201352517,122.3970744287962,2015,-5.2013525169704815_122.3970744287962
Oil palm plantation,Plantation,-1.034076579,131.52709230376033,2007,-1.0340765793579745_131.52709230376033
Grassland shrubland,Grassland shrubland,0.7512339798998314,108.99151931986027,2015,0.7512339798998314_108.99151931986027
Timber plantation,Plantation,0.7461174794873394,102.13046265366464,2005,0.7461174794873394_102.13046265366464
Small-scale agriculture,Smallholder agriculture,-1.37943147,119.96716268078194,2011,-1.3794314702076107_119.96716268078194
Timber plantation,Plantation,0.7238135446960126,122.77965980998088,2016,0.7238135446960126_122.77965980998088
Other large-scale plantations,Plantation,0.1199883626489911,109.83630073550388,2008,0.1199883626489911_109.83630073550388
Timber plantation,Plantation,-1.217919312,102.46700054164506,2013,-1.217919312360231_102.46700054164506
Other,Other,0.7050075170780382,112.65765689935932,2011,0.7050075170780382_112.65765689935932
Small-scale agriculture,Smallholder agriculture,-1.723141928,102.66342325642906,2011,-1.7231419282259468_102.66342325642906
Secondary forest,Other,-1.92686139,132.02678969573645,2014,-1.9268613900904463_132.02678969573645
Small-scale agriculture,Smallholder agriculture,-2.617453641,106.53615669433444,2015,-2.617453641436021_106.53615669433444
Small-scale agriculture,Smallholder agriculture,-5.124198188,122.41127409542636,2015,-5.124198188053762_122.41127409542636
Small-scale mixed plantation,Smallholder agriculture,-0.255267646,102.02300284126386,2013,-0.2552676457459032_102.02300284126386
Grassland shrubland,Grassland shrubland,-1.342569412,110.11039198418248,2015,-1.3425694121887497_110.11039198418248
Timber plantation,Plantation,-0.341677752,101.23138891817128,2005,-0.3416777516679858_101.23138891817128
Timber plantation,Plantation,1.3206143374241668,99.59939471003204,2013,1.3206143374241668_99.59939471003204
Oil palm plantation,Plantation,-0.218315992,109.15939773740708,2012,-0.2183159918413058_109.15939773740708
Small-scale agriculture,Smallholder agriculture,0.4187367752688762,123.99656970793524,2005,0.4187367752688762_123.99656970793524
Small-scale mixed plantation,Smallholder agriculture,-0.872209269,102.97133125210952,2010,-0.8722092692135042_102.97133125210952
Small-scale agriculture,Smallholder agriculture,2.579711320424476,100.26001449996158,2010,2.579711320424476_100.26001449996158
Timber plantation,Plantation,-2.219997483,111.6629607793474,2002,-2.219997483497455_111.6629607793474
Small-scale agriculture,Smallholder agriculture,-0.557796421,114.5616091945921,2016,-0.5577964206429292_114.5616091945921
Small-scale agriculture,Smallholder agriculture,-1.778471442,103.98646254803404,2007,-1.7784714417835052_103.98646254803404
Grassland shrubland,Grassland shrubland,-0.730299928,109.31191177664309,2016,-0.7302999283042293_109.31191177664309
Grassland shrubland,Grassland shrubland,-3.730280822,126.48872544877196,2016,-3.7302808223511295_126.48872544877196
Secondary forest,Other,-3.523069531,122.09977698551684,2016,-3.523069530934205_122.09977698551684
Oil palm plantation,Plantation,-2.031946858,111.57807195608082,2012,-2.031946857802582_111.57807195608082
Small-scale agriculture,Smallholder agriculture,1.3551213083313287,101.00146638389305,2010,1.3551213083313287_101.00146638389305
Oil palm plantation,Plantation,-0.657601162,102.66261477267334,2013,-0.6576011623747895_102.66261477267334
Grassland shrubland,Grassland shrubland,0.9328451162658334,102.52472345325312,2014,0.9328451162658334_102.52472345325312
Small-scale agriculture,Smallholder agriculture,3.0008825057500315,97.55151522,2013,3.0008825057500315_97.5515152163827
Logging,Other,-0.832091667,115.37409089258792,2015,-0.8320916667580026_115.37409089258792
Oil palm plantation,Plantation,-2.831387719,101.46926897031496,2008,-2.831387718711825_101.46926897031496
Timber plantation,Plantation,0.4962702994220665,103.01286718329928,2005,0.4962702994220665_103.01286718329928
Mining,Other,2.3465527349881024,117.54082691861028,2010,2.3465527349881024_117.54082691861028
Small-scale mixed plantation,Smallholder agriculture,-2.504497893,111.64123112168376,2002,-2.504497892592942_111.64123112168376
Mining,Other,-2.088870633,116.18098877178166,2011,-2.0888706325604964_116.18098877178166
Timber plantation,Plantation,0.7371283375266874,112.9005773073373,2010,0.7371283375266874_112.9005773073373
Small-scale agriculture,Smallholder agriculture,4.051743729737832,117.65786730935832,2004,4.051743729737832_117.65786730935832
Other large-scale plantations,Plantation,3.819463920906652,117.63611187810068,2016,3.819463920906652_117.63611187810068
Mining,Other,-1.53466105,111.31010591267948,2012,-1.5346610501050888_111.31010591267948
Oil palm plantation,Plantation,-0.635714064,102.6147795,2001,-0.6357140642671507_102.614779483794
Grassland shrubland,Grassland shrubland,-7.774893167,139.20891022380044,2012,-7.774893166985352_139.20891022380044
Secondary forest,Other,-2.260039512,110.12195973881856,2014,-2.260039511815294_110.12195973881856
Oil palm plantation,Plantation,-0.132947908,101.48156054845968,2009,-0.1329479080231874_101.48156054845968
Small-scale oil palm plantation,Smallholder agriculture,0.5872375428745982,101.34006740236582,2005,0.5872375428745982_101.34006740236582
Small-scale agriculture,Smallholder agriculture,-3.759597198,103.08510143394756,2008,-3.759597197588288_103.08510143394756
Small-scale agriculture,Smallholder agriculture,-0.277413848,100.03807438070764,2008,-0.2774138479522847_100.03807438070764
Other large-scale plantations,Plantation,-4.365308312,136.64259716191413,2016,-4.3653083124652685_136.64259716191413
Small-scale agriculture,Smallholder agriculture,0.1747570122722779,102.5207126197147,2005,0.1747570122722779_102.5207126197147
Small-scale mixed plantation,Smallholder agriculture,1.308742714966444,100.14707371149449,2008,1.308742714966444_100.14707371149449
Small-scale agriculture,Smallholder agriculture,1.009916482689968,121.68731552281338,2005,1.009916482689968_121.68731552281338
Small-scale mixed plantation,Smallholder agriculture,1.7986061175745938,100.77345773016998,2007,1.7986061175745938_100.77345773016998
Timber plantation,Plantation,-2.049111494,121.37396481874742,2013,-2.0491114942575392_121.37396481874742
Logging,Other,-2.784514493,133.37859470154098,2012,-2.7845144928444503_133.37859470154098
Oil palm plantation,Plantation,-2.668767671,104.61894710677542,2009,-2.668767671483724_104.61894710677542
Timber plantation,Plantation,1.253786430964368,99.88866961698362,2010,1.253786430964368_99.88866961698362
Other large-scale plantations,Plantation,-2.644933417,104.58936702751238,2011,-2.6449334172948524_104.58936702751238
Grassland shrubland,Grassland shrubland,-2.505327627,111.26302656683426,2016,-2.5053276265192137_111.26302656683426
Small-scale agriculture,Smallholder agriculture,2.0189178085464983,101.26901134764272,2006,2.0189178085464983_101.26901134764272
Secondary forest,Other,0.6300393744342884,112.91734188169256,2012,0.6300393744342884_112.91734188169256
Grassland shrubland,Grassland shrubland,-1.657013064,120.77985025587137,2016,-1.6570130638305265_120.77985025587137
Timber plantation,Plantation,4.460463508048613,97.32439865,2004,4.460463508048613_97.3243986546752
Small-scale agriculture,Smallholder agriculture,3.161135437617037,97.89399383520195,2014,3.161135437617037_97.89399383520195
Other large-scale plantations,Plantation,-0.810535683,109.7549443060638,2014,-0.8105356831105567_109.7549443060638
Grassland shrubland,Grassland shrubland,-6.392651755,139.2055684909435,2012,-6.392651754921157_139.2055684909435
Other large-scale plantations,Plantation,-2.23090171,111.7519434195203,2004,-2.2309017096786805_111.7519434195203
Small-scale mixed plantation,Smallholder agriculture,-1.336182573,110.61922141620208,2016,-1.3361825732007453_110.61922141620208
Secondary forest,Other,-1.746756507,138.44866599885006,2012,-1.7467565074654685_138.44866599885006
Oil palm plantation,Plantation,-1.657860228,103.95537211143268,2005,-1.6578602277596408_103.95537211143268
Small-scale agriculture,Smallholder agriculture,-2.229944198,100.9636161038967,2012,-2.229944197741234_100.9636161038967
Small-scale mixed plantation,Smallholder agriculture,0.3623063473805099,109.03570676334002,2014,0.3623063473805099_109.03570676334002
Oil palm plantation,Plantation,0.048300163,101.22863408463328,2005,0.0483001631378836_101.22863408463328
Oil palm plantation,Plantation,0.7073418524222284,110.43751588495172,2008,0.7073418524222284_110.43751588495172
Oil palm plantation,Plantation,0.7682824907368584,101.8488567594625,2011,0.7682824907368584_101.8488567594625
Small-scale agriculture,Smallholder agriculture,-3.672534121,121.66885514372473,2015,-3.6725341208881206_121.66885514372473
Secondary forest,Other,-2.248978157,115.94811391986636,2016,-2.248978156614548_115.94811391986636
Timber plantation,Plantation,-0.969684319,103.14580702761852,2001,-0.9696843194351982_103.14580702761852
Small-scale agriculture,Smallholder agriculture,1.2070012612333236,102.0207358971037,2015,1.2070012612333236_102.0207358971037
Small-scale mixed plantation,Smallholder agriculture,0.2439983424097378,102.24634757774004,2016,0.2439983424097378_102.24634757774004
Other large-scale plantations,Plantation,-0.324708898,115.59779137531622,2007,-0.3247088975070305_115.59779137531622
Small-scale agriculture,Smallholder agriculture,0.1275622735943217,103.33055307987316,2007,0.1275622735943217_103.33055307987316
Timber plantation,Plantation,-0.783348424,114.71027395757612,2016,-0.7833484240211795_114.71027395757612
Small-scale mixed plantation,Smallholder agriculture,-2.357666997,112.85700136179348,2007,-2.3576669973980624_112.85700136179348
Small-scale agriculture,Smallholder agriculture,2.3177352998234144,99.51598914390225,2015,2.3177352998234144_99.51598914390225
Small-scale agriculture,Smallholder agriculture,1.077464408414467,112.63094998596245,2016,1.077464408414467_112.63094998596245
Grassland shrubland,Grassland shrubland,-1.02131179,110.1836705108667,2015,-1.0213117896074542_110.1836705108667
Small-scale agriculture,Smallholder agriculture,-1.510006191,101.7922078692224,2003,-1.5100061906846565_101.7922078692224
Grassland shrubland,Grassland shrubland,-3.073686622,113.70844019277445,2015,-3.073686622229896_113.70844019277445
Small-scale agriculture,Smallholder agriculture,-4.200278102,122.71064742006251,2014,-4.2002781016397215_122.71064742006251
Small-scale agriculture,Smallholder agriculture,-1.838639005,120.6481444021439,2001,-1.8386390053707773_120.6481444021439
Mining,Other,3.668832123091721,117.23312126778904,2014,3.668832123091721_117.23312126778904
Oil palm plantation,Plantation,1.2054441174953183,99.11967786629415,2003,1.2054441174953183_99.11967786629415
Small-scale mixed plantation,Smallholder agriculture,1.118678180412792,101.1260288722073,2006,1.118678180412792_101.1260288722073
Other,Other,-7.56825272,139.2484585541838,2004,-7.56825271976566_139.2484585541838
Timber plantation,Plantation,0.5568935390605446,102.20647179353448,2009,0.5568935390605446_102.20647179353448
Timber plantation,Plantation,-0.755008416,101.91900737425632,2012,-0.7550084161444299_101.91900737425632
Other large-scale plantations,Plantation,-0.84905574,113.93506887421992,2010,-0.8490557402706695_113.93506887421992
Other large-scale plantations,Plantation,-1.578137701,112.51055110666486,2009,-1.5781377010090465_112.51055110666486
Small-scale agriculture,Smallholder agriculture,-3.498998554,120.24364650443412,2005,-3.4989985539710613_120.24364650443412
Logging,Other,-1.723386612,115.41351206878596,2012,-1.7233866117599383_115.41351206878596
Other large-scale plantations,Plantation,0.6260870487269113,111.57343398388367,2007,0.6260870487269113_111.57343398388367
Small-scale mixed plantation,Smallholder agriculture,1.0341019366767006,101.04083566001763,2012,1.0341019366767006_101.04083566001763
Grassland shrubland,Grassland shrubland,-2.941049445,111.8240295599665,2016,-2.941049444769288_111.8240295599665
Oil palm plantation,Plantation,-2.098277957,112.8257447330482,2011,-2.0982779571963_112.8257447330482
Other large-scale plantations,Plantation,0.9237011270216822,100.6704069094759,2009,0.9237011270216822_100.6704069094759
Timber plantation,Plantation,-0.195022871,102.4104545,2011,-0.1950228712320902_102.410454509339
Other large-scale plantations,Plantation,0.095151069,109.3795617629595,2005,0.0951510689094944_109.3795617629595
Oil palm plantation,Plantation,1.4738163911385105,109.65917194579728,2008,1.4738163911385105_109.65917194579728
Timber plantation,Plantation,0.6876653142528579,102.76697736435676,2011,0.6876653142528579_102.76697736435676
Small-scale agriculture,Smallholder agriculture,-2.600576584,112.90431374345772,2015,-2.600576583746061_112.90431374345772
Small-scale agriculture,Smallholder agriculture,-2.569178943,101.87866785729771,2012,-2.569178942683439_101.87866785729771
Grassland shrubland,Grassland shrubland,-2.629706815,110.6839612,2016,-2.6297068153279044_110.683961179211
Oil palm plantation,Plantation,2.082927461405912,98.26262374502792,2003,2.082927461405912_98.26262374502792
Grassland shrubland,Grassland shrubland,-2.678622098,121.7180557023425,2016,-2.6786220981043183_121.7180557023425
Grassland shrubland,Grassland shrubland,2.2067629790466814,117.81975544762992,2015,2.2067629790466814_117.81975544762992
Oil palm plantation,Plantation,-1.383358882,110.40376777337627,2010,-1.3833588815038975_110.40376777337627
Small-scale oil palm plantation,Smallholder agriculture,-0.908868729,101.71299861248193,2012,-0.9088687285098808_101.71299861248193
Small-scale mixed plantation,Smallholder agriculture,-3.231878526,120.15688272271746,2016,-3.2318785258524807_120.15688272271746
Small-scale agriculture,Smallholder agriculture,-8.261647042,113.77953590823763,2004,-8.261647042331022_113.77953590823763
Small-scale agriculture,Smallholder agriculture,-4.615676667,121.72140140525757,2003,-4.615676667450233_121.72140140525757
Timber plantation,Plantation,1.0746130608121698,110.23168460937184,2015,1.0746130608121698_110.23168460937184
Small-scale agriculture,Smallholder agriculture,-1.203281269,101.42163794756893,2016,-1.2032812690987047_101.42163794756893
Grassland shrubland,Grassland shrubland,4.230402393311787,96.12375441807676,2013,4.230402393311787_96.12375441807676
Other large-scale plantations,Plantation,-2.04650809,112.55020798983324,2007,-2.0465080896210264_112.55020798983324
Timber plantation,Plantation,0.2342094420255236,101.85474516075652,2005,0.2342094420255236_101.85474516075652
Small-scale mixed plantation,Smallholder agriculture,-0.914399299,102.8222301792702,2008,-0.9143992992998794_102.8222301792702
Other large-scale plantations,Plantation,3.933745287100313,116.72381796840294,2015,3.933745287100313_116.72381796840294
Oil palm plantation,Plantation,0.1666957255964036,99.54803244061227,2002,0.1666957255964036_99.54803244061227
Small-scale agriculture,Smallholder agriculture,-4.138356938,121.84808711876288,2009,-4.13835693826267_121.84808711876288
Small-scale mixed plantation,Smallholder agriculture,0.077714625,102.24353844287774,2005,0.0777146248847135_102.24353844287774
Small-scale agriculture,Smallholder agriculture,1.078592970279979,101.9370006019258,2015,1.078592970279979_101.9370006019258
Secondary forest,Other,-2.761014714,121.70752761670607,2012,-2.7610147136088563_121.70752761670607
Oil palm plantation,Plantation,0.7659054607709437,110.64778454016408,2010,0.7659054607709437_110.64778454016408
Oil palm plantation,Plantation,-1.105922044,101.4275391513022,2014,-1.1059220441879234_101.4275391513022
Oil palm plantation,Plantation,-0.5137874,102.64179549886344,2008,-0.5137874001995623_102.64179549886344
Secondary forest,Other,-0.988091383,102.3082293930882,2014,-0.988091383388228_102.3082293930882
Small-scale agriculture,Smallholder agriculture,2.371399023166492,117.4977569,2015,2.371399023166492_117.497756938073
Oil palm plantation,Plantation,0.5220323916644618,111.83838947716544,2011,0.5220323916644618_111.83838947716544
Small-scale agriculture,Smallholder agriculture,-0.73221699,110.20069273206968,2009,-0.7322169902449853_110.20069273206968
Grassland shrubland,Grassland shrubland,-0.866120848,109.7067752,2015,-0.8661208479223277_109.706775166135
Timber plantation,Plantation,-1.203279422,102.4645346469202,2014,-1.2032794219156904_102.4645346469202
Logging,Other,-0.761113983,113.24229845256995,2015,-0.7611139833174881_113.24229845256995
Small-scale agriculture,Smallholder agriculture,-1.550926728,99.18909906,2010,-1.5509267282223356_99.1890990635684
Other large-scale plantations,Plantation,-0.501301045,115.54212365704286,2013,-0.5013010450972469_115.54212365704286
Timber plantation,Plantation,-1.192568513,116.4374082,2011,-1.1925685126470005_116.43740817927
Small-scale oil palm plantation,Smallholder agriculture,-1.790546514,119.4643363863802,2004,-1.790546514362673_119.4643363863802
Timber plantation,Plantation,-2.114648296,104.3572732585607,2005,-2.1146482960794457_104.3572732585607
Oil palm plantation,Plantation,-1.569382524,103.31021026099508,2015,-1.569382524237921_103.31021026099508
Small-scale agriculture,Smallholder agriculture,-1.990861574,102.01300446108984,2014,-1.9908615740751248_102.01300446108984
Grassland shrubland,Grassland shrubland,-1.798361322,105.6535924,2014,-1.7983613224032295_105.653592382299
Small-scale agriculture,Smallholder agriculture,-3.315587008,116.2049765374162,2006,-3.315587007913971_116.2049765374162
Small-scale mixed plantation,Smallholder agriculture,0.915161906,100.82167407618526,2004,0.91516190618374_100.82167407618526
Small-scale agriculture,Smallholder agriculture,-4.697690806,103.42850930767112,2012,-4.697690806159383_103.42850930767112
Small-scale agriculture,Smallholder agriculture,-8.266798926,111.81496038497076,2008,-8.266798926241487_111.81496038497076
Oil palm plantation,Plantation,-1.113111136,103.0826152927858,2006,-1.11311113595799_103.0826152927858
Timber plantation,Plantation,0.500509416,110.88920648158312,2004,0.500509416111573_110.88920648158312
Oil palm plantation,Plantation,-1.363325799,110.53160627988775,2008,-1.3633257989185272_110.53160627988775
Oil palm plantation,Plantation,-1.998771022,116.41862670964932,2011,-1.99877102161112_116.41862670964932
Small-scale oil palm plantation,Smallholder agriculture,-0.133208316,102.0231827,2008,-0.1332083162035729_102.023182681141
Secondary forest,Other,-1.394373124,100.60421513064186,2016,-1.3943731239533057_100.60421513064186
Grassland shrubland,Grassland shrubland,-1.762240549,114.95020609346965,2016,-1.7622405487384556_114.95020609346965
Small-scale agriculture,Smallholder agriculture,-1.468182481,110.06789636888055,2009,-1.468182480868388_110.06789636888055
Small-scale agriculture,Smallholder agriculture,-7.048122022,107.08782855126304,2009,-7.048122021549887_107.08782855126304
Oil palm plantation,Plantation,-1.093068503,101.49702183711835,2012,-1.0930685031525469_101.49702183711835
Other large-scale plantations,Plantation,-0.81443147,128.28642943148378,2009,-0.8144314703984393_128.28642943148378
Other large-scale plantations,Plantation,0.6159925003053799,111.7386952,2013,0.6159925003053799_111.738695172488
Small-scale mixed plantation,Smallholder agriculture,-1.219154434,127.51796562168371,2006,-1.219154434022972_127.51796562168371
Logging,Other,-0.624097134,114.1429161038735,2016,-0.6240971339724557_114.1429161038735
Timber plantation,Plantation,0.3868391704089617,111.35681633622896,2007,0.3868391704089617_111.35681633622896
Other large-scale plantations,Plantation,-7.918388242,140.03475392237362,2010,-7.918388241734773_140.03475392237362
Small-scale agriculture,Smallholder agriculture,-2.265225497,112.24454553488974,2007,-2.26522549684073_112.24454553488974
Small-scale mixed plantation,Smallholder agriculture,-0.926974099,101.42460602754248,2005,-0.9269740986711876_101.42460602754248
Fish pond,Other,3.5793220865943494,117.26122528830004,2002,3.5793220865943494_117.26122528830004
Grassland shrubland,Grassland shrubland,0.908088103,127.95740046356693,2016,0.908088103161242_127.95740046356693
Oil palm plantation,Plantation,0.4799501441661961,100.43050853454837,2009,0.4799501441661961_100.43050853454837
Small-scale agriculture,Smallholder agriculture,-3.278679237,120.13890092884051,2012,-3.2786792370091207_120.13890092884051
Timber plantation,Plantation,1.3306934595991684,101.03466349013374,2011,1.3306934595991684_101.03466349013374
Oil palm plantation,Plantation,0.9908336813794903,100.64020790558948,2006,0.9908336813794903_100.64020790558948
Timber plantation,Plantation,1.843458481864093,101.07635788100816,2011,1.843458481864093_101.07635788100816
Oil palm plantation,Plantation,-0.423163648,110.2548686,2007,-0.4231636483409884_110.254868575807
Oil palm plantation,Plantation,2.0390709931087683,101.45610362854497,2015,2.0390709931087683_101.45610362854497
Small-scale agriculture,Smallholder agriculture,-1.604061914,127.4286246515313,2013,-1.604061914425711_127.4286246515313
Grassland shrubland,Grassland shrubland,-1.714496603,104.0340483477474,2015,-1.7144966034777689_104.0340483477474
Grassland shrubland,Grassland shrubland,-2.357310104,112.67253397480808,2015,-2.357310103893956_112.67253397480808
Small-scale mixed plantation,Smallholder agriculture,0.9916240248009376,102.21134608969594,2008,0.9916240248009376_102.21134608969594
Small-scale oil palm plantation,Smallholder agriculture,5.152186678362192,96.21934835766936,2009,5.152186678362192_96.21934835766936
Other large-scale plantations,Plantation,-0.048025746,101.64354967975451,2012,-0.048025746166606_101.64354967975451
Fish pond,Other,2.045727042118921,117.78173209765272,2006,2.045727042118921_117.78173209765272
Small-scale mixed plantation,Smallholder agriculture,-0.197933379,101.67838863355956,2013,-0.1979333788080346_101.67838863355956
Oil palm plantation,Plantation,-0.629918004,102.53982578746027,2001,-0.6299180038298517_102.53982578746027
Timber plantation,Plantation,-2.053169365,111.83491241360888,2002,-2.053169365463413_111.83491241360888
Oil palm plantation,Plantation,1.5555193305058972,109.4766452027614,2015,1.5555193305058972_109.4766452027614
Small-scale oil palm plantation,Smallholder agriculture,-0.831938592,114.33144926903272,2005,-0.8319385921239912_114.33144926903272
Small-scale agriculture,Smallholder agriculture,-3.316336118,121.13080920430131,2014,-3.316336118374684_121.13080920430131
Grassland shrubland,Grassland shrubland,-0.925336068,102.62443841472393,2012,-0.925336067581148_102.62443841472393
Small-scale mixed plantation,Smallholder agriculture,-1.188557563,119.56194647635078,2001,-1.1885575633348449_119.56194647635078
Secondary forest,Other,-2.080422215,113.19917931893222,2016,-2.080422214790958_113.19917931893222
Small-scale agriculture,Smallholder agriculture,-1.748347109,104.01491704182008,2012,-1.7483471090051588_104.01491704182008
Oil palm plantation,Plantation,-1.036653401,110.29066789272768,2008,-1.0366534012986388_110.29066789272768
Oil palm plantation,Plantation,-3.006495437,113.8883217116858,2009,-3.006495436948766_113.8883217116858
Oil palm plantation,Plantation,-1.60306914,103.91573286320578,2014,-1.6030691395727747_103.91573286320578
Small-scale oil palm plantation,Smallholder agriculture,1.7960511270750177,98.6761097,2012,1.7960511270750177_98.6761097040342
Timber plantation,Plantation,-1.211680538,102.4422851314192,2013,-1.2116805381238844_102.4422851314192
Small-scale agriculture,Smallholder agriculture,-1.187992214,119.58081109731732,2001,-1.187992214087512_119.58081109731732
Other large-scale plantations,Plantation,2.7399696141702514,117.5980456096963,2011,2.7399696141702514_117.5980456096963
Timber plantation,Plantation,-0.231525795,102.34238926524868,2010,-0.2315257952918978_102.34238926524868
Small-scale agriculture,Smallholder agriculture,1.5238726461885712,101.87081273179186,2013,1.5238726461885712_101.87081273179186
Fish pond,Other,2.883011765280466,117.5502973143498,2003,2.883011765280466_117.5502973143498
Small-scale agriculture,Smallholder agriculture,-0.687747247,100.99544325681389,2005,-0.6877472472661242_100.99544325681389
Fish pond,Other,3.6800152397330415,117.37068600379804,2001,3.6800152397330415_117.37068600379804
Grassland shrubland,Grassland shrubland,-1.618657567,127.44428580208027,2015,-1.618657567189884_127.44428580208027
Oil palm plantation,Plantation,0.5445291949261519,99.18777332407647,2007,0.5445291949261519_99.18777332407647
Small-scale mixed plantation,Smallholder agriculture,1.180460083807478,102.0309186651933,2009,1.180460083807478_102.0309186651933
Small-scale mixed plantation,Smallholder agriculture,-0.406537465,110.16817371878456,2003,-0.4065374648572586_110.16817371878456
Small-scale agriculture,Smallholder agriculture,-2.945313412,121.43367665149988,2015,-2.945313412313345_121.43367665149988
Small-scale oil palm plantation,Smallholder agriculture,4.414702017885941,95.86512798174326,2008,4.414702017885941_95.86512798174326
Timber plantation,Plantation,-0.897109071,103.09164195204744,2008,-0.8971090713227465_103.09164195204744
Other large-scale plantations,Plantation,-3.059899481,130.0029681852844,2015,-3.059899480899532_130.0029681852844
Oil palm plantation,Plantation,-2.11190477,102.71193673155778,2008,-2.1119047703439007_102.71193673155778
Secondary forest,Other,-0.317953071,109.5093725493606,2016,-0.3179530710714681_109.5093725493606
Fish pond,Other,2.031692518655368,117.75946839439608,2003,2.031692518655368_117.75946839439608
Timber plantation,Plantation,2.115451347303297,98.85901311241872,2013,2.115451347303297_98.85901311241872
Small-scale oil palm plantation,Smallholder agriculture,-3.064059389,107.93600792687052,2010,-3.06405938884118_107.93600792687052
Oil palm plantation,Plantation,-0.404643411,102.3361991,2007,-0.4046434105978151_102.336199081113
Logging,Other,-2.640422315,134.30424351980048,2013,-2.640422314654581_134.30424351980048
Oil palm plantation,Plantation,2.133896422188712,117.28324912655222,2009,2.133896422188712_117.28324912655222
Oil palm plantation,Plantation,-1.843255968,114.9696509460977,2002,-1.8432559681758875_114.9696509460977
Oil palm plantation,Plantation,1.2232562863227183,100.70221730120872,2014,1.2232562863227183_100.70221730120872
Grassland shrubland,Grassland shrubland,-0.837215655,102.90613856648908,2016,-0.8372156550239703_102.90613856648908
Grassland shrubland,Grassland shrubland,-1.792135918,114.9291898400184,2016,-1.792135917576434_114.9291898400184
Grassland shrubland,Grassland shrubland,-1.862081769,114.94005891159156,2015,-1.862081768510907_114.94005891159156
Small-scale mixed plantation,Smallholder agriculture,-0.934289758,101.32642742046563,2011,-0.9342897579074916_101.32642742046563
Timber plantation,Plantation,1.4666810686726552,101.40197255019017,2008,1.4666810686726552_101.40197255019017
Small-scale oil palm plantation,Smallholder agriculture,4.029099336068128,117.02706519421832,2005,4.029099336068128_117.02706519421832
Grassland shrubland,Grassland shrubland,-2.101386438,110.14442846456438,2015,-2.1013864381114606_110.14442846456438
Timber plantation,Plantation,-1.013000933,101.97313373823786,2012,-1.0130009332373917_101.97313373823786
